## Virus	Name	Coverage
9625355	Enterobacteria phage alpha3	0.0186405588923071
168229273	Streptococcus phage 858	0.018304588048918
157325284	Listeria phage B054	0.0179742145967019
9627507	Enterobacteria phage P4	0.0176493529333413
109392453	Mycobacterium phage Che12	0.0173299186483035
563397275	Pseudomonas phage PAK_P2	0.016707000440433
29565879	Mycobacterium phage Cjw1	0.0164033535217069
148750834	Lactobacillus phage LL-H	0.0155227073243896
568192042	Bacillus phage Blastoid	0.015238998204031
526176726	Cellulophaga phage phi4:1	0.0146858853411158
428781805	Enterobacteria phage M	0.0144163339727316
393707861	Streptococcus phage SMP	0.0141513559651007
281416165	Vibrio phage N4	0.013383154854464
374531848	Erwinia phage PEp14	0.0128926084046509
9627904	Pseudomonas phage PP7	0.0126536096540682
472437937	Aeromonas phage Aes012	0.0124187064242367
161622381	Enterobacteria phage JS98	0.0121878342899637
530546981	Mycobacteriophage Daenerys	0.0119609297486959
45597171	Spiroplasma phage SVTS2	0.0117379302086111
423261909	Salinivibrio phage CW02	0.0115187739768457
543170398	Mycobacterium phage Sarfire	0.0113034002478581
157265294	Thermus phage P23-45	0.011091749091926
460042324	Pelagibacter phage HTVC011P	0.0108837614437767
418488227	Pseudomonas phage JG004	0.0106793790913486
109393216	Mycobacterium phage Catera	0.0100872942535625
530787714	Pseudomonas phage PaBG	0.00989676764152258
282598772	Clavibacter phage CMP1	0.00970956767874493
408905842	Propionibacterium phage ATCC29399B_T	0.00952564104361788
431810540	Helicobacter phage KHP30 DNA	0.00934493519264014
472340688	Pseudoalteromonas phage pYD6-A	0.00916739835018648
157102937	Staphylococcus phage tp310-2	0.00899297949839335
66396267	Staphylococcus phage 52A	0.00882162836716301
389060488	Salmonella phage SPN9CC	0.00865329542428509
9635478	Vibrio phage VfO4K68	0.00848793186567425
744692700	Enterobacteria phage P88	0.00832548960572288
326536151	Acinetobacter phage 133	0.00816592126776758
226377630	Lactobacillus phage Lb338-1	0.00800918017466822
209447126	Stx2-converting phage 1717	0.00770399645634663
254729462	Cyanophage PSS2	0.00755546389122556
422934269	Enterobacteria phage IME10	0.00740957867309069
525971974	Salmonella phage FSL SP-031	0.00726629748496484
422935955	Bacillus phage BCD7	0.00712557765516888
195982531	Sputnik virophage	0.00698737714865702
568191834	Salmonella phage Marshall	0.00685165455845569
9632937	Streptococcus phage Sfi21	0.00671836909720486
212499705	Bacteriophage APSE-2	0.00658748058880085
29366701	Pseudomonas phage gh-1	0.00645894946013944
472343459	Prochlorococcus phage P-GSP1	0.00633273673295826
206599544	Mycobacterium phage Brujita	0.00620880401577745
374671600	Bacteroides phage B124-14	0.00608711349593753
712913869	Salmonella phage Chi	0.00596762793173344
117676329	Burkholderia prophage phi52237	0.00585031064464372
206600290	Mycobacterium phage Panchino	0.0057351255116539
682124280	Escherichia phage vB_EcoM_PhAPEC2	0.00562203695767298
326804500	Salmonella phage Vi01	0.00551100994804212
29566108	Mycobacterium phage Che9c	0.00540200998113449
90592637	Clostridium phage phi CD119	0.00529500308104533
573007037	Listeria phage LP-125	0.00518995579037127
431810358	Clostridium phage phi8074-B1	0.0050868351630779
508178009	Pseudoalteromonas phage RIO-1	0.00498560875745475
472339613	Synechococcus phage S-RIP2	0.00488624462915662
418489109	Lactobacillus phage JCL1032	0.00478871132433039
85701379	Bacillus phage WBeta	0.00469297787282647
19718349	Propionibacterium phage B5	0.00459901378149374
408905830	Enterobacteria phage NJ01	0.00450678902755741
429216174	Klebsiella phage KP36	0.00441627405207858
431810441	Erwinia amylovora phage phiEa100	0.00432743975349489
682123100	Acinetobacter phage YMC-13-01-C62	0.00424025748124113
526003444	Salmonella phage FSL SP-058	0.00415469902944914
358356850	Gordonia phage GTE7	0.00407073663072608
326783443	Synechococcus phage Syn19	0.0039883429500101
124300942	Geobacillus phage GBSV1	0.00390749107850278
109289936	Mannheimia phage phiMHaA1	0.00382815452767729
408905852	Bacillus phage BPS13	0.00375030722336159
472339958	Vibrio phage 11895-B1	0.00367392349989575
472341879	Sulfitobacter phage pCB2047-A	0.00359897809436268
145708074	Ralstonia phage phiRSA1	0.0035254461408913
713322302	Enterobacteria phage RB3	0.00345330316503153
13095805	Lactococcus prophage bIL309	0.00338252507820023
418488936	Caulobacter phage phiCb5	0.00331308817219725
414087461	Cronobacter phage vB_CsaP_GAP52	0.0032449691137909
206600181	Mycobacterium phage Ramsey	0.00317814493937204
730984989	Escherichia phage Av-05	0.00311259304967602
414088056	Caulobacter phage CcrColossus	0.00304829120457173
327409390	Brochothrix phage BL3	0.00298521751791696
39653674	Streptococcus prophage EJ-1	0.00292335045247945
725949105	Klebsiella phage NTUH-K2044-K1-1 DNA	0.00286266881492275
356870838	Rhodobacter phage RcapMu	0.00280315175085628
456351087	Salmonella phage S16	0.00274477873994878
572730610	Listeria phage LP-037	0.00268752959110451
472339668	Rhodobacter phage RC1	0.00263138443770147
508177859	Mycobacterium phage PegLeg	0.00257632373289094
399529119	Staphylococcus phage vB_SepiS-phiIPLA7	0.00252232824495759
77864625	Burkholderia phage Bcep176	0.00246937905273962
530546800	Mycobacterium phage Wanda	0.00241745754110808
526178202	Cellulophaga phage phi13:2	0.00236654539650483
472343184	Prochlorococcus phage P-SSP3	0.00231662460253841
326425018	Tsukamurella phage TPA2	0.00226767743563712
428782857	Enterobacteria phage HK578	0.00221968646075886
399528633	Croceibacter phage P2559S	0.00217263452715675
508179906	Mycobacterium phage HINdeR	0.0021265047642002
530545699	Myobacteriophage Adzzy	0.00208128057725062
330858351	Propionibacterium phage PAS50 endogenous virus	0.00203694564359125
514051256	Halorubrum phage CGphi46	0.00199348390841037
431810834	Tetrasphaera phage TJE1	0.00195087958083733
418486896	Pseudomonas phage JG024	0.0019091171300309
422935477	Cronobacter phage ESP2949-1	0.00186818128131913
422934690	Erwinia phage vB_EamM-Y2	0.00182805701239029
422936640	Pectobacterium phage ZF40	0.00178872954953419
167600442	Pseudomonas phage LUZ19	0.00175018436393341
9630761	Vibrio phage fs2	0.00171240716800374
13095658	Lactococcus prophage bIL311	0.00167538391178333
326782732	Prochlorococcus phage P-RSM4	0.00163910077936998
563399082	Mycobacterium phage Bernardo	0.00160354418540593
431810901	Helicobacter phage KHP40 DNA	0.00156870077160974
408905837	Propionibacterium phage P1.1	0.00153455740335458
195546701	Pseudomonas phage PT2	0.00150110116629239
30039743	Vibrio phage VGJphi	0.00146831936302349
9633550	Acyrthosiphon pisum bacteriophage APSE-1	0.00143619950981098
460042888	Vibrio phage VvAW1	0.00140472933333941
9626232	Enterobacteria phage Ike	0.00137389676751731
66395965	Staphylococcus phage ROSA	0.00134368995032292
189427193	Salmonella phage phiSG-JL2	0.00131409722069269
90592575	Lactobacillus phage KC5a	0.00128510711545203
182682799	Enterobacteria phage EPS7	0.0012567083662878
282598706	Enterococcus phage phiEf11	0.00122888989676204
472341456	Cyanophage KBS-S-2A	0.00120164081936639
422937568	Aeromonas phage phiAS7	0.00117495043261692
460042674	Synechococcus phage S-RIM8 A.HR1	0.00114880821818856
509141259	Acinetobacter phage AB3	0.00112320383808898
526178634	Cellulophaga phage phi14:2	0.00109812713187119
66395215	Staphylococcus phage 187	0.00107356811388459
119953678	Staphylococcus phage CNPH82	0.00104951697056387
115315572	Lactococcus phage 712	0.00100289989808031
422937484	Aeromonas phage vB_AsaM-56	0.000980315178334926
9626425	Enterobacteria phage GA	0.000958200746926187
327197584	Brochothrix phage NF5	0.000936547611343552
281416278	Klebsiella phage KP32	0.000915346935665801
281416385	Streptococcus phage Abc2	0.000894590038102684
514361045	Serratia phage Eta	0.000874268388570934
713322590	Enterobacteria phage RB27	0.000854373606304223
389060400	Xanthomonas phage vB_XveM_DIBBI	0.000815831852979346
423261846	Salmonella phage vB_SenS-Ent1	0.000797168845929782
203457352	Mycobacterium phage Rizal	0.000778900629613389
712912354	Bacillus phage Waukesha92	0.000761019535157079
414090494	Enterobacter phage IME11	0.000743518029354274
32453484	Enterobacteria phage RB69	0.000726388712501062
168983473	Lactococcus phage asccphi28	0.000709624316263079
514361032	Vibrio phage VFJ	0.000693217701572742
418487685	Brucella phage Tb	0.000677161856556457
526176488	Listeria phage LP-110	0.000661449894491424
294661411	Klebsiella phage KP34	0.000646075051791659
45597386	Lactococcus phage phiLC3	0.000631030686022892
116221992	Stx2-converting phage 86	0.000616310273945951
189427122	Staphylococcus phage phiMR25	0.000601907409588286
18496886	Mycobacterium phage TM4	0.000587815802343284
89152532	Pseudomonas phage 119X	0.000574029275097012
29028617	Staphylococcus phage SLPW	0.000560541762382044
372199367	Escherichia phage vB_EcoM_CBA120	0.00054734730855804
282598606	Mycobacterium phage Peaches	0.000534440066018719
194302947	Mycobacterium phage Boomer	0.000521814293424904
331028054	Roseobacter phage RDJL Phi 1	0.000509464353963303
422936140	Cyanophage S-TIM5	0.000497384713630695
543171678	Klebsiella phage 0507-KN2-1 DNA	0.000485569939543196
472342352	Vibrio phage PWH3a-P1	0.000474014698270294
326783659	Synechococcus phage S-SSM7	0.000462713754193311
149882781	Microbacterium phage Min1	0.000451661967888009
460041934	Bacillus phage Eoghan	0.000440854294531007
109391846	Mycobacterium phage Orion	0.000430285782329702
712913690	Mycobacterium phage Soto	0.000419951570975405
422937620	Vibrio phage pVp-1	0.000409846890119378
26114633	Vibrio phage VSK	0.000399967057871477
148747798	Burkholderia phage phi644-2 chromosome	0.000390307479321115
509139878	Staphylococcus phage StauST398-2	0.000380863645080238
526177667	Cellulophaga phage phi17:2	0.000371631129848047
514361131	Stenotrophomonas phage phiSMA7 proviral	0.000362605590997164
32128412	Xanthomonas phage Xp10	0.000353782767180972
327198559	Erwinia phage phiEt88	0.000345158476961848
41179287	Lactobacillus prophage Lj928	0.000336728617460008
29566511	Mycobacterium phage Bxz1	0.000328489163022705
189043087	Mycobacterium phage EvilGenius	0.000320436163913501
170676276	Salmonella phage E1	0.000312565745021351
526244695	Mycobacterium phage Mindy	0.000304874104589235
89888094	Enterobacteria phage ID18	0.000297357512962082
508178651	Mycobacterium phage Loser	0.000290012311353728
408905829	Propionibacterium phage P9.1	0.000282834910632648
66395656	Staphylococcus phage 47	0.000275821790126227
530545284	Mycobacterium phage Muddy	0.0002689694964433
356870677	Escherichia phage HK75	0.000262274642314735
89152533	Pseudomonas phage PA11	0.000255733905451809
526244578	Lactococcus phage phi7	0.00024934402742214
431809796	Lactobacillus phage ATCC 8014-B1	0.000243101812542929
530786971	Mycobacterium phage LittleCherry	0.000237004126791296
20065963	Clostridium phage phi3626	0.000231047896731461
563399598	Mycobacterium phage Bruin	0.000225230108458551
388570709	Salisaeta icosahedral phage 1	0.00021954780655881
712915315	Yersinia phage vB_YenP_AP5	0.000213998093085976
56694869	Bacillus phage BCJA1c	0.000208578126553617
15320570	Myxococcus phage Mx8	0.000203285120943206
414087713	Caulobacter phage phiCbK	0.000198116344727709
66391255	Staphylococcus phage Twort	0.00019306911991049
565323596	Ralstonia phage RSM1	0.000188140821079307
22855221	Pseudomonas phage phi-12 segment M	0.000183328874475203
9633396	Enterobacteria phage VT2-Sakai	0.000178630757076074
197261329	Pseudomonas phage LBL3	0.000174043995694728
56718463	Enterobacteria phage M13	0.000169566166091216
712912224	Lactobacillus phage Ld17	0.000165194892099247
23455848	Streptococcus phage O1205	0.000160927844766495
530545356	Mycobacterium phage Bobi	0.000156762741508595
509140090	Staphylococcus phage StauST398-1	0.000152697345276637
157738587	Staphylococcus phage SAP-2	0.00014872946373798
712913800	Idiomarinaceae phage 1N2-2	0.000144856948470185
209427726	Enterobacteria phage YYZ-2008	0.000141077694167899
428781735	Enterobacteria phage mEp043 c-1	0.000137389637862488
543171355	Propionibacterium phage PHL010M04	0.000133790758154258
428782787	Enterobacteria phage HK630	0.000130279074457071
255033713	Burkholderia phage KS9	0.000126852646255195
744692564	Shigella phage pSf-2	0.000123509572372198
206600079	Mycobacterium phage Pacc40	0.00012024799025173
77020191	Bacillus phage Aurora	0.000117066075250015
84662593	Xanthomonas phage OP1	0.000113962039939883
194100252	Enterobacteria phage BA14	0.000110934133426192
111146921	Bacteriophage SPP1	0.000107980640672457
560186020	Ralstonia phage RSK1 DNA	0.000105099881838535
9626510	Acholeplasma phage L2	0.000102290211629214
557428123	Streptococcus phage TP-778L	9.95500186535334e-05
157834972	Pseudomonas phage MP22	9.68777247946881e-05
192824177	Mycobacterium phage Pukovnik	9.42717845903695e-05
327198122	Pseudomonas phage KPP10	9.17306846233787e-05
418489035	Haemophilus phage SuMu	8.92529429223735e-05
310722194	Aeromonas phage phiAS4	8.44817601364312e-05
109521758	Mycobacterium phage Qyrzula	8.21855070836738e-05
448244584	Pseudomonas phage JBD30	7.99469872313226e-05
304360949	Mycobacterium phage LeBron	7.77648671928015e-05
345461107	Salmonella phage 7-11	7.56378416364449e-05
28876437	Streptococcus prophage 315.6	7.35646327531186e-05
525972254	Mannheimia phage vB_MhS_1152AP2	7.15439897328391e-05
472340220	Cyanophage MED4-213	6.95746882502595e-05
66395729	Staphylococcus phage 37	6.76555299588887e-05
418487627	Escherichia phage TL-2011b	6.57853419939155e-05
311992750	Acinetobacter phage Acj61	6.39629764835073e-05
304360853	Mycobacterium phage CrimD	6.21873100684588e-05
358356482	Yersinia phage phiR1-37	6.04572434300642e-05
431810239	Enterobacteria phage C-1 INW-2012	5.87717008260896e-05
194100305	Enterobacteria phage EcoDS1	5.71296296347242e-05
157265412	Thermus phage P74-26	5.55299999063905e-05
408905826	Listeria phage P70	5.39718039232923e-05
472341379	Loktanella phage pCB2051-A	5.24540557665872e-05
312281391	Prochlorococcus phage P-SSM4	5.09757908910641e-05
530787450	Staphylococcus phage vB_SauM_Remus	4.95360657072139e-05
9630317	Enterobacteria phage Qbeta	4.813395717058e-05
399529040	Burkholderia phage AH2	4.67685623782777e-05
158345023	Pseudomonas phage LKD16	4.54389981725718e-05
408905834	Propionibacterium phage P14.4	4.41444007514054e-05
431810244	Staphylococcus phage phi5967PVL DNA	4.28839252857724e-05
509141009	Phaeocystis globosa virus virophage	4.1656745543828e-05
9633000	Lactobacillus prophage phiadh	4.04620535216335e-05
82700933	Pseudomonas phage EL	3.92990590804328e-05
712912907	Rhizobium phage vB_RleM_P10VF	3.81669895903593e-05
730984715	Shigella phage pSs-1	3.70650895804721e-05
9630125	Bacillus phage SPBc2	3.59926203950252e-05
372449821	Rhodococcus phage REQ2	3.49488598558702e-05
401817563	Cronobacter phage phiES15	3.39331019308971e-05
47835019	Burkholderia phage Bcep781	3.29446564084193e-05
189490161	Pseudomonas phage 201phi2-1	3.19828485774086e-05
72257064	Burkholderia cenocepacia phage BcepB1A	3.10470189134878e-05
176120944	Enterobacteria phage G4	3.01365227705911e-05
345461828	Escherichia phage vB_EcoP_G7C	2.92507300782007e-05
422936890	Enterobacteria phage vB_KleM-RaK2	2.83890250440739e-05
66395187	Staphylococcus phage 66	2.75508058623701e-05
408905851	Bacillus phage Bastille	2.67354844270946e-05
194097521	Lactococcus phage bIBB29	2.59424860507726e-05
206599880	Mycobacterium phage Fruitloop	2.51712491882696e-05
414086086	Cronobacter phage vB_CsaM_GAP161	2.44212251656774e-05
691326850	Ralstonia phage RSY1 DNA	2.36918779141815e-05
304360662	Clostridium phage phiCTP1	2.29826837088324e-05
448244742	Pectobacterium phage phiTE	2.22931309121389e-05
472342165	Cellulophaga phage phiSM	2.16227197224079e-05
418489442	Bacillus phage SP10	2.09709619267518e-05
399528895	Staphylococcus phage vB_SepiS-phiIPLA5	2.03373806586881e-05
110804020	Clostridium phage phiSM101	1.97215101602567e-05
9632857	Pseudoalteromonas phage PM2	1.91228955485806e-05
119952179	Enterobacteria phage N4	1.85410925867974e-05
428781939	Enterobacteria phage HK140	1.79756674592896e-05
557307743	Mycobacterium phage Fredward	1.74261965511438e-05
338826857	Gordonia phage GTE2	1.68922662317672e-05
565323637	Bacillus phage phiAGATE	1.63734726425948e-05
725915949	Staphylococcus phage phiSa119	1.58694214888183e-05
509140939	Staphylococcus phage StauST398-3	1.53797278350696e-05
89155211	Pseudomonas phage M6	1.49040159049941e-05
530547084	Mycobacterium phage Jabbawokkie	1.44419188846476e-05
422936540	Vibrio phage vB_VchM-138	1.39930787296543e-05
40806958	Streptomyces phage phiBT1	1.35571459760611e-05
682123897	Vibrio phage ICP2_2013_A_Haiti	1.31337795548277e-05
157311299	Enterobacteria phage Phi1	1.27226466098896e-05
304360758	Mycobacterium phage Angelica	1.23234223197353e-05
479336529	Pseudomonas phage Phi-S1	1.19357897224369e-05
30065704	Yersinia phage L-413C	1.15594395440755e-05
66391451	Enterobacteria phage RB43	1.1194070030505e-05
148747799	Phormidium phage Pf-WMP3	1.08393867823957e-05
399528838	Celeribacter phage P12053L	1.04951025935019e-05
514052000	Vibrio phage JA-1	1.01609372920998e-05
66394870	Staphylococcus phage 85	9.83661758553854e-06
158518661	Aeromonas phage phiO18P	9.52187690785336e-06
514231256	Prochlorococcus phage P-SSM3	9.21645527038619e-06
408905856	Campylobacter phage CP30A	8.92009911536246e-06
219523869	Pseudomonas phage PB1	8.63256117237251e-06
712912293	Lactobacillus phage Ld3	8.35360031770718e-06
530545464	Mycobacterium phage Hamulus	8.08298143649771e-06
372449904	Rhodococcus phage RER2	7.820475287611e-06
508180468	Mycobacterium phage Newman	7.56585837125175e-06
308814351	Shigella phage SP18	7.3189127992242e-06
682122904	Pseudomonas phage MP48	7.07942616780622e-06
423262453	Ralstonia phage RSS0	6.84719143319001e-06
37651481	Aeromonas phage 44RR2.8t	6.62200678944358e-06
530545570	Mycobacterium phage Catdawg	6.40367554894858e-06
333798163	Synechococcus phage S-CRM01	6.19200602527019e-06
194100514	Mycobacterium phage Nigel	5.98681141841571e-06
77118167	Enterobacteria phage K1F	5.7879097024392e-06
472437676	Mycobacterium phage First	5.59512351535003e-06
304373555	Enterobacteria phage RB16	5.40828005128386e-06
77020112	Flavobacterium phage 11b	5.22721095489537e-06
157786475	Mycobacterium phage Bethlehem	5.05175221793251e-06
91214232	Vibrio phage KVP40	4.88174407795277e-06
52221121	Vibrio phage KSF-1phi	4.71703091914249e-06
192823901	Mycobacterium phage Jasper	4.55746117520099e-06
109392353	Mycobacterium phage Cooper	4.40288723425178e-06
408905835	Propionibacterium phage P100_1	4.25316534574366e-06
50058548	Mycoplasma phage phiMFV1	4.10815552930526e-06
444475874	Streptococcus phage TP-J34	3.96772148551709e-06
66391759	Streptococcus phage 2972	3.83173050856553e-06
326781756	Synechococcus phage S-SM2	3.70005340074421e-06
472339853	Cellulophaga phage phiST	3.57256438876822e-06
9632466	Enterobacteria phage 933W	3.44914104186765e-06
418488152	Lactobacillus phage c5	3.32966419162712e-06
526244525	Lactococcus phage jm3	3.21401785353873e-06
423261980	Acinetobacter phage YMC_09_02_B1251_ABA_BP	3.10208915023627e-06
374531191	Salmonella phage SPN1S	2.99376823637908e-06
388542659	Pseudomonas phage vB_Pae-Kakheti25	2.88894822515442e-06
282598847	Pseudomonas phage LIT1	2.78752511636786e-06
408905833	Propionibacterium phage P100_A	2.68939772609144e-06
30387453	Yersinia pestis phage phiA1122	2.59446761784009e-06
435844510	Sphingomonas phage PAU	2.50263903524718e-06
479336462	Mycobacterium phage Butters	2.41381883621051e-06
9635677	Staphylococcus phage phiPV83	2.32791642848056e-06
422934297	Bacillus phage phIS3501	2.24484370666336e-06
403225042	Pseudomonas phage tf	2.16451499061059e-06
712915603	Aeromonas phage pAh6-C	2.08684696517022e-06
17736958	Pseudomonas phage phi-8 segment M	2.01175862127132e-06
460042436	Pelagibacter phage HTVC008M	1.93917119831701e-06
414090203	Streptococcus phage phiNJ2	1.86900812786021e-06
563399370	Pseudomonas phage PAK_P4	1.801194978537e-06
371671369	Pseudomonas phage OBP	1.73565940223305e-06
338826807	Enterobacteria phage K30	1.67233108145885e-06
9630525	Methanobacterium phage psiM2	1.61114167790985e-06
682123269	Listeria phage LMTA-148	1.55202478218825e-06
17313217	Pseudomonas phage phiCTX	1.49491586466332e-06
509142176	Rhodococcus phage E3	1.43975222744763e-06
508177514	Mycobacterium phage PattyP	1.38647295746696e-06
509141363	Streptomyces phage Zemlya	1.3350188806021e-06
472343238	Cyanophage S-SSM4	1.28533251688094e-06
195546530	Rhizobium phage 16-3	1.23735803669983e-06
414086915	Cronobacter phage vB_CsaM_GAP32	1.19104121805345e-06
388684650	Pseudomonas phage Lu11	1.14632940475276e-06
712913441	Shewanella sp. phage 1_4	1.10317146561104e-06
9964607	Roseophage SIO1	1.06151775457832e-06
19548987	Enterobacteria phage SfV	1.02132007180486e-06
66395293	Staphylococcus phage 69	9.82531625614687e-07
428782085	Vibrio phage vB_VpaS_MAR10	9.45106995370531e-07
372217768	Cyanophage NATL1A-7	9.09002095211776e-07
356870794	Synechococcus phage S-CBS1	8.74174138647478e-07
371496268	Shigella phage EP23	8.40581603986715e-07
408905848	Streptomyce phage TG1	8.08184200588899e-07
563398432	Mycobacterium phage HanShotFirst	7.76942835916991e-07
158997720	Burkholderia phage Bcep22	7.46819583376838e-07
206599706	Mycobacterium phage Gumball	7.17777650926189e-07
481019412	Cyanophage Syn30	6.89781350437213e-07
70727678	Stenotrophomonas phage phiSMA9	6.62796067796646e-07
83571714	Enterobacteria phage K1E	6.36788233727984e-07
9625381	Enterobacteria phage I2-2	6.11725295320414e-07
526177130	Cellulophaga phage phi12:1	5.87575688249467e-07
326782497	Synechococcus phage S-SM1	5.6430880967463e-07
526177551	Cellulophaga phage phi38:1	5.41894991799452e-07
326632894	Enterobacteria phage SPC35	5.20305476079923e-07
682123813	Escherichia phage vB_EcoP_PhAPEC7	4.99512388067171e-07
557308055	Staphylococcus phage YMC_09_04_R1988	4.79488712870794e-07
422936813	Bdellovibrio phage phi1422	4.60208271229384e-07
472341521	Cyanophage P-RSM6	4.41645696175055e-07
509140039	Clostridium phage vB_CpeS-CP51	4.23776410279024e-07
414090442	Clostridium phage phiMMP04	4.06576603465565e-07
428781872	Enterobacteria phage mEpX1	3.90023211381858e-07
428782446	Enterobacteria phage vB_EcoS_Rogue1	3.74093894311506e-07
712915997	Synechococcus phage S-CBP4	3.58767016619744e-07
472341954	Synechococcus phage S-RIM2 R1_1999	3.44021626718549e-07
38707640	Enterobacteria phage Felix 01	3.29837437540126e-07
525972083	Vibrio phage vpms1	3.16194807507431e-07
47073736	Staphylococcus phage phiSLT	3.03074721990643e-07
23455771	Lactobacillus phage phig1e	2.90458775238676e-07
744692776	Staphylococcus phage phiBU01	2.78329152775054e-07
66395164	Staphylococcus phage PT1028	2.6666861424768e-07
514231471	Rhizobium phage RR1-A	2.55460476722211e-07
571797847	Lactobacillus phage phiJB	2.44688598408983e-07
472341743	Sulfitobacter phage pCB2047-C	2.3433736281359e-07
712912693	Rhizobium phage vB_RleM_PPF1	2.24391663301457e-07
157325422	Listeria phage A006	2.14836888066897e-07
384519756	Enterococcus phage EF62phi	2.05658905497346e-07
223869186	Pseudomonas phage phi2954 segment M	1.96844049923675e-07
472339167	Cyanophage S-RIM50 isolate RW_29_0704	1.88379107747612e-07
41179217	Lactobacillus prophage Lj965	1.80251303937531e-07
12248100	Bacillus phage GA-1	1.72448288884011e-07
19387568	Spiroplasma phage 4	1.64958125606756e-07
194100609	Mycobacterium phage Predator	1.57769277304626e-07
58532811	Synechococcus phage S-PM2	1.50870595240703e-07
273810419	Xylella phage Xfas53	1.44251306954475e-07
238694878	Enterobacteria phage JSE	1.37901004793379e-07
84662653	Xanthomonas phage OP2	1.31809634756116e-07
66396333	Staphylococcus phage 88	1.25967485640287e-07
219563197	Lactobacillus phage Lv-1	1.20365178487072e-07
13095680	Lactococcus prophage bIL285	1.14993656315794e-07
514360972	Mycobacterium phage Leo	1.09844174141409e-07
242345571	Streptococcus phage M102	1.04908289268041e-07
431809199	Salmonella phage SKML-39	1.00177851851884e-07
418488631	Escherichia phage PhaxI	9.56449957269006e-08
330858525	Shigella phage Shfl2	9.13021294868809e-08
203454602	Mycobacterium phage Myrna	8.71419278175908e-08
418489383	Lactobacillus phage LF1	8.3157323072834e-08
530545796	Mycobacterium phage DrDrey	7.93414970884098e-08
30387379	Enterobacteria phage epsilon15	7.56878732280649e-08
41179361	Bordetella phage BPP-1	7.21901086556662e-08
399498678	Streptococcus phage YMC-2011	6.88420868279436e-08
682123185	Escherichia phage vB_EcoP_PhAPEC5	6.5637910202276e-08
161617915	Enterobacteria phage phiEcoM-GJ1	6.25718931541099e-08
725948655	Staphylococcus phage MCE-2014	5.96385550987188e-08
418489849	Riemerella phage RAP44	5.68326138121266e-08
238695587	Xanthomonas phage phiL7	5.41489789461296e-08
526245010	Paenibacillus phage phiIBB_Pl23	5.15827457324644e-08
14251125	Lactococcus phage BK5-T	4.91291888712759e-08
194303296	Mycobacterium phage Porky	4.67837565991483e-08
41057278	Enterobacteria phage Sf6	4.45420649320644e-08
530787679	Bacillus phage Wip1	4.23998920787646e-08
744692834	Salmonella phage LSPA1	4.03531730200739e-08
422935762	Helicobacter phage 1961P	3.83979942498684e-08
281416213	Enterococcus phage phiFL3A	3.65305886734462e-08
508177331	Mycobacterium phage Tonenili	3.47473306591671e-08
359802265	Gordonia phage GTE5	3.30447312393143e-08
399498791	Salmonella phage vB_SemP_Emek	3.14194334562273e-08
431810934	Erwinia phage ENT90	2.9868207849844e-08
157325217	Listeria phage B025	2.83879480828757e-08
9632287	Gokushovirinae Bog1183_53	2.69756666999301e-08
327198387	Erwinia phage phiEa104	2.5628491016979e-08
47777280	Burkholderia phage Bcep1	2.43436591376512e-08
422935113	Campylobacter phage CP21	2.31185160929139e-08
525972166	Salmonella phage Jersey	2.1950510100786e-08
29565743	Staphylococcus phage phiP68	2.08371889428035e-08
392973229	Colwellia phage 9A	1.9776196454037e-08
208429855	Clostridium phage 39-O	1.8765269123534e-08
281199644	Escherichia phage D108	1.7802232802136e-08
472342931	Synechococcus phage S-RIP1	1.68849995146888e-08
712914205	Escherichia phage 121Q	1.60115643737401e-08
526177198	Cellulophaga phage phi46:3	1.51800025918847e-08
428783279	Enterobacteria phage HK106	1.43884665899873e-08
118197620	Thermus phage phiYS40	1.36351831985806e-08
414088861	Caulobacter phage CcrRogue	1.29184509498001e-08
726646933	Enterobacteria phage phi92	1.22366374572829e-08
448260223	Cronobacter sakazakii phage vB_CskP_GAP227	1.15881768815201e-08
526177866	Cellulophaga phage phi19:1	1.09715674782142e-08
53869480	Streptomyces phage VWB	9.8282015399694e-09
508178941	Streptomyces phage Sujidade	9.29874104242175e-09
157311189	Mycobacterium phage Tweety	8.79571943247005e-09
408905857	Gokushovirinae GNX3R	8.31792140849914e-09
682123447	Bacillus phage Riley	7.8641826676783e-09
448244641	Staphylococcus phage phi7401PVL DNA	7.43338797170778e-09
356870736	Pediococcus phage clP1	7.0244692780527e-09
89152531	Pseudomonas phage 73	6.636403934716e-09
225626323	Pseudomonas phage phikF77	6.26821293665204e-09
18071213	Sinorhizobium phage PBC5	5.91895924197118e-09
22855204	Pseudomonas phage phi13 segment L	5.58774614613358e-09
418487912	Staphylococcus phage GH15	5.27371571237715e-09
9625433	Mycobacterium phage L5	4.97604725667026e-09
46402086	Klebsiella phage phiKO2	4.6939558855246e-09
22855198	Pseudomonas phage phi-13 segment M	4.42669108504736e-09
682123955	Bacillus phage Bobb	4.17353535965464e-09
17981815	Haemophilus phage HP2	3.93380291890981e-09
414090084	Stenotrophomonas phage IME15	3.49201570133643e-09
509139383	Mycobacterium phage Chy5	3.28873669503916e-09
408905843	Streptomyces phage SV1	3.09643020163364e-09
41057352	Enterobacteria phage PsP3	2.91455084091314e-09
418488941	Pantoea phage LIMElight	2.74257798848604e-09
526244935	Puniceispirillum phage HMO-2011	2.58001475979867e-09
712916126	Shewanella sp. phage 3_49	2.42638703139158e-09
40807285	Bacteriophage phi-C31	2.28124249818983e-09
294661423	Klebsiella phage KP15	2.14414976566104e-09
472437218	Leuconostoc phage phiLN04	2.01469747570756e-09
563399740	Mycobacterium phage Catalina	1.89249346519069e-09
239590011	Mycobacterium phage Angel	1.77716395601609e-09
327198314	Streptococcus phage Dp-1	1.66835277573961e-09
89152479	Bacillus phage Fah	1.56572060768242e-09
49248521	Vibrio phage Vf33	1.46894426957315e-09
176120924	Enterobacterio phage MS2	1.37771601976296e-09
408905858	Bacillus phage B4	1.29174289008674e-09
371671319	Staphylococcus phage S24-1	1.21074604447085e-09
310722466	Aeromonas phage phiAS5	1.1344601624135e-09
399528538	Leuconostoc phage Lmd1	1.06263284648988e-09
31415740	Bacillus prophage phBC6A51	9.95024053058678e-10
472438250	Bacillus phage PM1 DNA	9.31405545371138e-10
238821317	Streptococcus phage PH10	8.71560368307469e-10
33300811	Pseudomonas phage phiKMV	8.15282343988441e-10
557307926	Lactobacillus phage J-1	7.62375587532657e-10
119637746	Yersinia phage Berlin	7.12654042251846e-10
23455713	Enterobacteria phage FI	6.65941033598016e-10
45429963	Flavobacterium phage Fpv10	6.22068841197126e-10
206599619	Mycobacterium phage Mulciber	5.80878288324282e-10
109289986	Aeromonas phage 25	5.4221834819531e-10
229604924	Vibrio phage VP93	5.05945766468811e-10
526120135	Flavobacterium phage 6H	4.71924699371664e-10
134288739	Burkholderia phage phiE202 chromosome	4.40026366879226e-10
218457801	Pseudomonas phage SN	4.10128720399338e-10
526120121	Ralstonia phage RSS30 DNA	3.82116124426592e-10
712916052	Enterococcus phage EfaCPT1	3.55879051650267e-10
197085614	Iodobacteriophage phiPLPE	3.31313791015751e-10
229604969	Lactococcus phage P087	3.08322168255344e-10
418487384	Synechococcus phage S-MbCM6	2.86811278419883e-10
66396040	Staphylococcus phage 71	2.66693229957836e-10
281416323	Enterococcus phage phiFL1A	2.47884899903254e-10
326784214	Synechococcus phage S-SSM5	2.30307699748335e-10
525972436	Salmonella phage FSL SP-088	2.13887351590317e-10
435439265	Enterobacteria phage mEp237	1.98553674155996e-10
29566407	Mycobacterium phage Che9d	1.84240378320364e-10
543171447	Propionibacterium phage PHL060L00	1.70884871748704e-10
257136356	Staphylococcus phage P954	1.58428072303948e-10
269838879	Ralstonia phage RSL1	1.46814229873218e-10
568191126	Bacillus phage Staley	1.35990756279268e-10
408905855	Bacillus phage BCP78	1.25908062953981e-10
157102936	Staphylococcus phage tp310-1	1.16519406062159e-10
564292430	Pseudomonas phage PPpW-4 DNA	1.07780738774701e-10
29566021	Mycobacterium phage Bxz2	9.96505704006764e-11
563397006	Mycobacterium phage CloudWang3	9.20898320980229e-11
399498862	Staphylococcus phage SpaA1	8.50617488924512e-11
115315628	Lactococcus phage jj50	7.853171774373e-11
228861315	Enterobacteria phage RB14	7.24671914078229e-11
422937778	Salmonella phage PhiSH19	6.68375678523686e-11
326782024	Prochlorococcus phage P-HM1	6.1614084991749e-11
543170916	Mycobacterium phage PhrostyMug	5.67697205164711e-11
197935853	Ralstonia phage RSB1	5.2279096599819e-11
81343928	Enterobacteria phage RTP	4.81183892727056e-11
472340437	Vibrio phage pYD21-A	4.42652422653833e-11
66395508	Staphylococcus phage 42e	4.06986851221642e-11
17975105	Vibrio phage K139	3.73990554025528e-11
526177061	Cellulophaga phage phi18:1	3.43479247892281e-11
109521840	Mycobacterium phage Pipefish	3.1528028930113e-11
206599795	Mycobacterium phage Troll4	2.89232008483618e-11
162290107	Staphylococcus phage phiMR11	2.65183077604754e-11
423262466	Liberibacter phage SC1	2.42991911489277e-11
695227992	Vibrio phage eugene 12A10	2.22526099416587e-11
158079296	Enterococcus phage phiEF24C	2.03661866565708e-11
13095743	Lactococcus prophage bIL286	1.86283563747532e-11
31072008	Streptococcus phage C1	1.70283184115629e-11
472437772	Staphylococcus phage vB_SauM_Romulus	1.55559905599161e-11
331028007	Synechococcus phage S-CBS3	1.42019657851934e-11
448244686	Pseudomonas phage JBD88a	1.29574712560414e-11
543170498	Mycobacterium phage Dylan	1.18143296000664e-11
9629143	Chlamydia phage Chp1	1.07649222779699e-11
564014228	Lactobacillus phage LL-Ku	9.80215497406997e-12
509141026	Mycobacterium phage WIVsmall	8.91942490539666e-12
543170817	Mycobacterium phage Adawi	8.11058995564608e-12
514051665	Mycobacterium phage BTCU-1	7.36993954422748e-12
730977575	Flavobacterium phage Fpv11	6.69216714445108e-12
428782376	Enterobacteria phage HK225	6.07234436857935e-12
472342987	Vibrio phage VBP32	5.50589654100879e-12
563399183	Mycobacterium phage Jovo	4.98857968426474e-12
311993272	Acinetobacter phage Acj9	4.51645884578345e-12
9632893	Streptococcus phage Sfi19	4.08588769662614e-12
408905827	Providencia phage Redjac	3.69348933632314e-12
561133064	Staphylococcus phage S25-4 DNA	3.33613824098622e-12
48697401	Actinoplanes phage phiAsp2	3.01094329465655e-12
122891714	Staphylococcus phage phiETA2	2.71523184657835e-12
122891784	Staphylococcus phage phiETA3	2.44653473970705e-12
461474957	Rhodobacter phage RcapNL	2.20257225827941e-12
568190683	Bacillus phage Spock	1.98124094469379e-12
281306659	Pseudomonas phage phi-2	1.78060123827538e-12
435844340	Agrobacterium phage 7-7-1	1.59886589073679e-12
9625366	Pseudomonas phage Pf1	1.43438911529057e-12
9626109	Spiroplasma phage 1-R8A2B	1.2856564284319e-12
291084859	Mycobacterium phage Ardmore	1.15127514538739e-12
526177323	Cellulophaga phage phi48:2	1.0299654921242e-12
327198628	Ralstonia phage PE226	9.20552298633743e-13
204305660	Mycobacterium phage Cali	8.21957239949913e-13
167600373	Pseudomonas phage LUZ24	7.33191593034089e-13
71834082	Enterobacteria phage JK06	6.53349479262235e-13
514050763	Synechococcus phage S-CAM8 strain S-CAM8 06008BI06	5.81601563784081e-13
431811082	Pseudomonas phage KPP12 DNA	5.17189184493937e-13
422933946	Clostridium phage phiCP26F	4.59418884758996e-13
408905849	Escherichia phage LM33_P1	4.07657325396297e-13
66396191	Staphylococcus phage 29	3.61326552675978e-13
157102938	Staphylococcus phage tp310-3	3.19899600358164e-13
331027904	Synechococcus phage S-CBS2	2.82896404945759e-13
192824086	Mycobacterium phage Lockley	2.4988001445757e-13
414090316	Edwardsiella phage KF-1 DNA	2.20453072097496e-13
526244636	Shigella phage SfII	1.94254557217787e-13
423262507	Liberibacter phage SC2	1.70956766949451e-13
203463359	Mycobacterium phage Solon	1.50262522802569e-13
17736952	Pseudomonas phage phi8 segment L	1.31902587425157e-13
118430724	Staphylococcus phage phiNM1	1.156332775531e-13
560186075	Burkholderia phage JG068	1.01234259987061e-13
712915472	Acinetobacter phage vB_AbaP_Acibel007	8.85065181968048e-14
448245173	Xanthomonas citri phage CP2 DNA	7.72704778805069e-14
514051825	Mycobacterium phage Job42	6.73642804978834e-14
725950085	Listeria phage WIL-1	5.86421944527817e-14
712915757	Acinetobacter phage vB_AbaM_Acibel004	5.09731542245986e-14
168495103	Azospirillum phage Cd	4.42394183398961e-14
213163898	Stenotrophomonas phage S1	3.8335337637175e-14
431809518	Pseudomonas phage PaP1	3.31662258101906e-14
682123018	Escherichia phage bV_EcoS_AHS24	2.86473247196935e-14
66395370	Staphylococcus phage 53	2.47028574412238e-14
557745636	Streptococcus phage phiBHN167	2.12651624687376e-14
418489681	Salmonella phage RE-2010	1.82739029214953e-14
299778956	Enterobacteria phage IME08	1.56753450058836e-14
326783215	Prochlorococcus phage Syn33	1.34217003656944e-14
526244872	Staphylococcus phage SA13	1.14705273148659e-14
428782193	Enterobacteria phage HK446	9.78418628675428e-15
509141536	Edwardsiella phage PEi20	8.32934515460333e-15
9634626	Streptococcus phage 7201	7.07653037989425e-15
118430711	Ralstonia phage RSS1	5.99972022958304e-15
221328618	Salmonella phage epsilon34	5.07597657068861e-15
29566737	Mycobacterium phage Omega	4.28511200210363e-15
509142635	Mycobacterium phage Astraea	3.60938931963562e-15
9629524	Streptococcus phage Cp-1	3.03325053190226e-15
45686283	Enterobacteria phage T1	2.54307285252408e-15
29028667	Staphylococcus phage CNPx	2.12694928877662e-15
509141608	Burkholderia phage ST79	1.77449162915131e-15
326783979	Prochlorococcus phage Syn1	1.47665380277322e-15
479336577	Mycobacterium phage vB_MapS_FF47	1.22557374295282e-15
388570767	Acinetobacter bacteriophage AP22	8.37325774376315e-16
89152530	Pseudomonas phage F10	6.89156165333651e-16
158345134	Pseudomonas phage LKA1	5.65528560953277e-16
157786393	Mycobacterium phage U2	4.62663694381583e-16
472340572	Vibrio phage VBP47	3.77319005431201e-16
682124203	Escherichia phage bV_EcoS_AHP42	3.06719037960057e-16
159192286	Enterobacteria phage PRD1	2.48493980039728e-16
431809464	Bacillus phage vB_BtS_BMBtp2	2.00625500781045e-16
448245104	Klebsiella phage JD001	1.61399114203375e-16
472341815	Cyanophage MED4-117	1.29362371196167e-16
148727181	Xanthomonas phage Xop411	1.03288245791365e-16
146329912	Burkholderia phage BcepGomr	8.21431419902101e-17
560185957	Staphylococcus phage phiRS7	6.505900259803e-17
712913234	Mesorhizobium phagevB_MloP_Lo5R7ANS	5.13090522299091e-17
372450032	Rhodococcus phage REQ1	4.02867531572417e-17
508178111	Mycobacterium phage SiSi	3.14875952533413e-17
526003613	Salmonella phage FSL SP-004	2.44933802344083e-17
428782254	Enterobacterial phage mEp234	1.89586959349173e-17
428782724	Vibrio phage vB_VpaM_MAR	1.45993087450423e-17
530547290	Mycobacterium phage Crossroads	1.1182231800152e-17
237651460	Roseophage EE36P1	8.51725326415211e-18
28173057	Acinetobacter phage AP205	6.44973329285685e-18
526241733	Lactococcus phage P680	4.8545001923198e-18
509140844	Shigella phage pSf-1	3.63069608060781e-18
388483859	Prochlorococcus phage P-SSP7	2.69744018956519e-18
162290187	Synechococcus phage syn9	1.99019396506694e-18
169936017	Enterobacteria phage Fels-2	1.45772648957853e-18
526244816	Lactococcus phage BM13	1.05959159952548e-18
48696910	Burkholderia cenocepacia phage BcepMu	7.64039532959355e-19
9630327	Enterobacteria phage P2	5.46296142547993e-19
148717842	Staphylococcus phage 80alpha	3.87151759000554e-19
162135082	Pseudomonas phage YuA	2.718097967497e-19
17426228	Staphylococcus phage phiETA	1.88952255620468e-19
9626372	Enterobacteria phage phiX174 sensu lato	1.29985480726591e-19
563398178	Mycobacterium phage Conspiracy	8.84349825571454e-20
28876316	Streptococcus prophage 315.4	5.94628683001991e-20
18249864	Enterobacteria phage phiP27	3.94855659281764e-20
22855216	Pseudomonas phage phi-12 segment S	2.58731006839599e-20
389060322	Bacillus phage PBC1	1.67142701282305e-20
423262092	Aeromonas phage Aes508	1.06347144469526e-20
197261417	Pseudomonas phage LMA2	6.65714402289106e-21
12085135	Bdellovibrio phage phiMH2K	4.09491252811759e-21
530545183	Myobacteriophage Papyrus	2.47175289195005e-21
273809542	Aggregatibacter phage S1249	1.46186332563769e-21
472342874	Rhodovulum phage RS1	8.4567527982894e-22
530546138	Mycobacterium phage Trouble	4.775854211406e-22
330858444	Shigella phage Shfl1	2.62716843666696e-22
418487835	Brucella phage Pr	1.40415177319863e-22
29165635	Streptococcus phage DT1	7.27046370260659e-23
48696682	Vibrio phage VP5	3.6346436325285e-23
29366675	Enterobacteria phage T4	1.74740794989643e-23
22854993	Bacillus phage phi105	8.04141533646489e-24
563397110	Pseudomonas phage PAK_P5	3.52259661177996e-24
282599392	Pseudomonas phage LUZ7	1.45908531976815e-24
9634155	Enterobacteria phage HK97	5.66821574873099e-25
431809857	Burkholderia phage BcepMigl	2.04449712738259e-25
399528758	Salmonella phage vB_SosS_Oslo	6.76097095424118e-26
62362363	Listonella phage phiHSIC	2.01690856978543e-26
565323599	Enterobacteria phage SSL2009a	5.31400722110709e-27
392972682	Clostridium phage phiZP2	1.20187192214982e-27
215401108	Staphylococcus phage phiSauS-IPLA35	2.24301520674271e-28
330858398	Propionibacterium phage PAD20 endogenous virus	
563448535	Pseudomonas phage PAK_P1	
399528702	Burkholderia phage KL1	
343960381	Thermus phage TMA	
526118413	Bacillus phage phiNIT1 DNA	
564292828	Staphylococcus phage Sb-1	
431810292	Pseudomonas phage AF	
157324960	Listeria phage A500	
423261416	Aeromonas phage CC2	
428782316	Enterobacteria phage mEp460	
223869191	Pseudomonas phage phi2954 segment S	
428781810	Enterobacteria phage mEp235	
428782664	Enterobacterial phage mEp390	
508179165	Mycobacterium phage Murphy	
27151468	Vibrio phage VpV262	
80159686	Clostridium phage c-st	
557307421	Pseudomonas phage MPK6	
325170966	Vibrio phage ICP1	
